{
  "QTime": 73,
  "totalRows": 163547,
  "totalPage": 100,
  "range": {
    "min": "",
    "max": ""
  },
  "cateName": "",
  "q": "iphone",
  "subq": "",
  "token": [
    "iphone"
  ],
  "prods": [
    {
      "Id": "DYAF13-A9007Z1GM",
      "cateId": "DYAF13",
      "picB": "000001_1489735402.jpg",
      "name": "2 in 1 bamboo charging base Apple Watch+iPhone charging stand / mobile phone holder",
      "describe": "2 in 1 bamboo charging base Apple Watch+iPhone charging stand / mobile phone holder for iPhone7/7plus/6S/6S Plus/6/6 Plus/5 birthday gift  mobile phone + Apple watch watch charging base\r has a small and lightweight features   suitable for the office, home   easy to charge the apple watch",
      "price": 399
    },
    {
      "Id": "DYAJDR-19009JGT8",
      "cateId": "DYAJDT",
      "picB": "000001_1555383734.jpg",
      "name": "Apple iPhone Xs Max (256G)-Gold (MT552TA/A)",
      "describe": "Gold send glass to protect Apple iPhone Xs Max (256G) - gold  market price $ 45500. Special offer 4 $41999  Buy now the province $3501 iphone xs max screen The diagonal length is 6.46 . The actual viewable area may be small. Related Note Because this product is a special 3c product, after the product is connected to the Internet (including wifi), login to the apple id or link to itunes, this The item is registered and begins to calculate the product warranty time, and the warranty date of the item is calculated after registration and cannot be restored! In the future, when the return is required, the company confirms that if the product has been opened for warranty, additional fees may be required. Do not connect this item to the Internet until you are sure you want to return it, to avoid inadvertently starting the warranty period. If you claim the seven-day appreciation period, please restore the original product including packaging, accessories, etc.; once the product is registered, you may need to pay additional fees.",
      "price": 41999
    },
    {
      "Id": "DYAJDN-A9009N87T",
      "cateId": "DYAJDN",
      "picB": "000001_1555379017.jpg",
      "name": "Apple iPhone XR (64G) - Red (MRY62TA/A)",
      "describe": "Daily strongmad kill sale  red  send wireless charging board Apple iPhone XR (64G) - red  only one day  limited time mad The display has a rounded corner design. When measuring in a rectangular shape, the diagonal length of the iphone xr screen is 6.06 . The actual viewable area may be small. The anti-splash and water-repellent functions are non-permanent and may decrease with the wear and tear caused by daily use. Do not charge your wet iPhone; refer to the instruction manual for cleaning and drying instructions. Damage caused by liquids is not covered by the warranty. Because this product is a special 3c product, the product is registered and started after the product is connected to the Internet (including wifi), login to the apple id or linked to itunes. Calculate the warranty period of the product, and the warranty date of the product will be calculated after registration, and cannot be restored! In the future, when the return is required, the company confirms that if the product has been opened for warranty, additional fees may be required. Do not connect this item to the Internet until you are sure you want to return it, to avoid inadvertently starting the warranty period.",
      "price": 25288
    },
    {
      "Id": "DYAJ8H-A9008TS5F",
      "cateId": "DYAJ8I",
      "picB": "000001_1546576470.jpg",
      "name": "Welfare Products - Apple iPhone 7 128GB",
      "describe": "Welfare Products  Limited Edition Apple iPhone 7 128Ga10 Chip Processor\r\n1200 million pixels main camera\r\n700 million pixels front lens  waterproof Dust-proof level\r\ntouch id Fingerprint identification",
      "price": 11900
    },
    {
      "Id": "DYAJCX-A9009UFV0",
      "cateId": "DYAJ9Y",
      "picB": "000001_1554781348.jpg",
      "name": "Apple iPhone 8 (64G) - Space Gray",
      "describe": "Space Gray  mad down $1501 Apple iPhone 8 (64G)  market price $ 21500. Special offer 1999 $19999\r\n now buy the current province $1501\r\n limited special kill ~ any return price ~! ! \r\n\r\n 4.7 retina hd monitor with true tone\r\n Full glass and aluminum metal body design\r\n Anti-splash water and dust proof function\r\n 12 million pixels Camera with optical image stabilization (ois)\r\n 4k film shooting (up to 60 fps)\r\n 7 megapixel facetime hd camera\r\n touch id for secure authentication and apple pay\n a11 bionic smart phone chip\r\n wireless charging (can be used with qi charger)\r\n\r\niphone8 Featured accessories:\r\niphone original protection Shell\r\n iphone 8 Protector\r\n\r\nLegal Notice\r\n 1. Charging board sold separately. \r\n2. Both the iphone 8 and the iphone 8 plus are flood- and water-repellent and have been tested under controlled laboratory conditions to achieve the i ip67 rating. The anti-splash and water-repellent functions are non-permanent and may decrease with the wear and tear caused by daily use. \r\nDo not charge your wet iphone; refer to the instruction manual for cleaning and drying instructions. Damage caused by liquids is not covered by the warranty. \r\n3. The display size is the diagonal length. \r\n4.facetime Both parties need to use the facetime function device\r\n to connect with wi-fi. The application of the mobile network depends on the carrier's solution; data services may be subject to payment. \r\n\r\n\r\nRelated note\r\n  Because this product is a special 3c product, after the product is connected to the Internet (including wifi), login to the apple id or link to itunes, this The item is registered and begins to calculate the product warranty time, and the warranty date of the item is calculated after registration and cannot be restored! In the future, when the return is required, the company confirms that if the product has been opened for warranty, additional fees may be required. Do not connect this item to the Internet until you are sure you want to return it, to avoid inadvertently starting the warranty period. If you claim the seven-day appreciation period, please restore the original product ( including packaging, accessories, etc.; once the product is registered, you may need to pay additional fees). You confirm that you have read the above instructions and agree to the order on this page to agree to the terms. Please forgive me for your inconvenience. ",
      "price": 19999
    },
    {
      "Id": "DYAJDN-A9009H4QZ",
      "cateId": "DYAJDN",
      "picB": "000001_1554948610.jpg",
      "name": "Apple iPhone XR (64G) - Black (MRY42TA/A)",
      "describe": "Black  send premium accessories group Apple iPhone XR (64G) - black   send wireless charging board + shell stickers   6.1  liquid retina display (lcd)    ip67 level Anti-splash and water-proof function (up to 30 minutes in the deepest 1 meter water)\r\n 12 megapixel camera (with optical image stabilization) and 7 megapixel original deep sensing front camera, both With portrait mode, portrait light, depth of field control and smart hdr function\r\n face id, for secure authentication and apple pay \r\n a12 bionic, with a new generation of neural network engine\r\n wireless Charging (can be used with qi charger)\r\n ios 12 with memoji, screen usage time, siri shortcut and group facetime function\r\n\r\n============ ==============\r\n\r\niphone xrshell\r\niphone xr\r \n============================================================================================= For rectangular measurements, the iphone xr screen has a diagonal length of 6.06 . The actual viewable area may be small. \r\n2.iphone xr is water and dust proof and has been tested in controlled laboratory environment to achieve ipk 60529 ip67 rating (up to 30 minutes in the deepest 1 meter water) . The anti-splash and water-repellent functions are non-permanent and may decrease with the wear and tear caused by daily use. Do not charge your wet iPhone; refer to the instruction manual for cleaning and drying instructions. Damage caused by liquids is not covered by the warranty. \r\n3.apple pay is not available in all markets. See www.apple.com tw ios feature-availability #apple-pay\r\n See a list of countries or regions where apple pay is available. \r\n4.qi Wireless charger sold separately. \r\n5. The group facetime feature will be available on iOS 12 via software update later this year. \r\n\r\nRelated Note\r\n  Because this product is a special 3c product, the product is registered and started after the product is connected to the Internet (including wifi), login to the apple id or linked to itunes. Calculate the warranty period of the product, and the warranty date of the product will be calculated after registration, and cannot be restored! In the future, when the return is required, the company confirms that if the product has been opened for warranty, additional fees may be required. Do not connect this item to the Internet until you are sure you want to return it, to avoid inadvertently starting the warranty period. If you claim the seven-day appreciation period, please restore the original product ( including packaging, accessories, etc.; once the product is registered, you may need to pay additional fees). You confirm that you have read the above instructions and agree to the order on this page to agree to the terms. Please forgive me for your inconvenience. ",
      "price": 25888
    },
    {
      "Id": "DYAJDG-A9009N8Q2",
      "cateId": "DYAJDG",
      "picB": "000001_1553652419.jpg",
      "name": "Apple iPhone Xs (256G)",
      "describe": "Gray l silver  limited time to spend $ 2501 Apple iPhone Xs (256G)  market price $ 41500. Special offer 38 $38999\r\n Buy now save $2501\r\n limited special kill ~ any return price ~! ! \r\n\r\n 5.8  super retina display (oled) with hdr\r\n ip68 level dustproof and anti-splashing function (up to 30 minutes in the deepest 2 meters water)\r 12 megapixel dual lens camera (with optical image stabilization dual lens) and 7 megapixel original deep sensing front camera with portrait mode, portrait light, depth of field control and smart hdr function\r\nface Id, for security authentication and apple pay\r\n a12 bionic, with a new generation of neural network engine\r\n wireless charging (can be used with qi charger)\r\n ios 12, with memoji, screen Use time, siri shortcuts and group facetime functions\r\n\r\nLegal Notices\n\r\n1. The display has a rounded corner design. When measuring in a rectangle, the diagonal length of the iphone xs screen is 5.85. The actual viewable area may be small. \r\n2. iphone xs is water- and water-repellent and has been tested in controlled laboratory environment to achieve ibp 60529 ip68 rating (up to 30 minutes in the deepest 2 meters of water) . The anti-splash and water-repellent functions are non-permanent and may decrease with the wear and tear caused by daily use. Do not charge your wet iPhone; refer to the instruction manual for cleaning and drying instructions. Damage caused by liquids is not covered by the warranty. \r\n3. Apple pay is not available in all markets. \r\n See www.apple.com tw ios feature-availability #apple-pay See a list of countries or regions where apple pay is available. \r\n4. qi Wireless charger sold separately. \r\n5. The group facetime feature will be available in iOS 12 via software update later this year. \r\n\r\n\r\n Related Note \r\n  Because this product is a special 3c product, after the product is connected to the Internet (including wifi), login to the apple id or link to itunes, this The item is registered and begins to calculate the product warranty time, and the warranty date of the item is calculated after registration and cannot be restored! In the future, when the return is required, the company confirms that if the product has been opened for warranty, additional fees may be required. Do not connect this item to the Internet until you are sure you want to return it, to avoid inadvertently starting the warranty period. If you claim the seven-day appreciation period, please restore the original product ( including packaging, accessories, etc.; once the product is registered, you may need to pay additional fees). You confirm that you have read the above instructions and agree to the order on this page to agree to the terms. Please forgive me for your inconvenience. ",
      "price": 38999
    },
    {
      "Id": "DYAJDF-A9009EQNF",
      "cateId": "DYAJDF",
      "picB": "000001_1553479796.jpg",
      "name": "Apple iPhone Xs (64G) - Gold (MT9G2TA/A)",
      "describe": "Gold  send glass to protect Apple iPhone Xs (64G) - gold  market price $ 35900. Special offer 340 $34099\r\n Buy now save the province $1801\r\n limited plus code to send glass stickers! ! \r\n\r\n 5.8  super retina display (oled) with hdr\r\n ip68 level dustproof and anti-splashing function (up to 30 minutes in the deepest 2 meters water)\r 12 megapixel dual lens camera (with optical image stabilization dual lens) and 7 megapixel original deep sensing front camera with portrait mode, portrait light, depth of field control and smart hdr function\r\nface Id, for security authentication and apple pay\r\n a12 bionic, with a new generation of neural network engine\r\n wireless charging (can be used with qi charger)\r\n ios 12, with memoji, screen Use time, siri shortcuts and group facetime functions\r\n\r\n================================= I bought iphone xs accessories\r\n iphone xs shell\r\n iphone xs stickers\r\n================== ========\r\n\r\n\r\nLegal Notices\n\r\n1. The monitor has a rounded corner design. When measuring in a rectangle, the diagonal length of the iphone xs screen is 5.85 . The actual viewable area may be small. \r\n2. iphone xs is water- and water-repellent and has been tested in controlled laboratory environment to achieve ibp 60529 ip68 rating (up to 30 minutes in the deepest 2 meters of water) . The anti-splash and water-repellent functions are non-permanent and may decrease with the wear and tear caused by daily use. Do not charge your wet iPhone; refer to the instruction manual for cleaning and drying instructions. Damage caused by liquids is not covered by the warranty. \r\n3. Apple pay is not available in all markets. \r\n See www.apple.com tw ios feature-availability #apple-pay See a list of countries or regions where apple pay is available. \r\n4. qi Wireless charger sold separately. \r\n5. The group facetime feature will be available in iOS 12 via software update later this year. \r\n\r\n\r\n Related Note \r\n  Because this product is a special 3c product, after the product is connected to the Internet (including wifi), login to the apple id or link to itunes, this The item is registered and begins to calculate the product warranty time, and the warranty date of the item is calculated after registration and cannot be restored! In the future, when the return is required, the company confirms that if the product has been opened for warranty, additional fees may be required. Do not connect this item to the Internet until you are sure you want to return it, to avoid inadvertently starting the warranty period. If you claim the seven-day appreciation period, please restore the original product ( including packaging, accessories, etc.; once the product is registered, you may need to pay additional fees). You confirm that you have read the above instructions and agree to the order on this page to agree to the terms. Please forgive me for your inconvenience. ",
      "price": 34099
    },
    {
      "Id": "DYAJ2N-A9009PUGA",
      "cateId": "DYAJ2N",
      "picB": "000001_1546938527.jpg",
      "name": "[welfare] Apple iPhone 8 plus 64GB",
      "describe": "90% New Original Boxed+Original AccessoriesApple iPhone 8 plus 64G5.5 ips Touch Screen\r\na11 bionic Processor\r\nDouble 12 million Isight lens\r\nfront camera 7 million pixels\r\nsupport touch id fingerprint identification",
      "price": 19900
    },
    {
      "Id": "DYAJ93-A900929I2",
      "cateId": "DYAJ93",
      "picB": "000001_1554691189.jpg",
      "name": "Apple iPhone X (256G) - Space Gray",
      "describe": "Space gray  send premium accessories group Apple iPhone X (256G)   send mfi transmission line + shell + security stickers   5.8  super retina hd display with hdr and true tone\r\n  All-glass and stainless steel body design\r\n Anti-splash and water-proof function\r\n 12 million dual-lens camera with optical image stabilization\r\n Portrait mode, portrait light and 4k film shooting Function (up to 60 fps)\r\n 7 megapixel truedepth front camera\r\nface id for secure authentication and apple pay\r\n a11 bionic smart phone chip\r\n wireless Charging (can be used with qi charger)\r\n\r\niphone x\r\n iphone original protective case\r\niphone x multi-category stickers\n\r\n Legal Notice\r\n 1.iphone x The display has a rounded corner design. When measuring in a rectangular manner, the diagonal length of the screen is 5.85 . The actual viewable area may be small. \r\n2. The charging board is sold separately. \r\n3.iphone x is water- and water-repellent and has been tested in laboratory environment with controlled tubes to an ip67 rating of the iec 60529 standard. The anti-splash and water-repellent functions are non-permanent and may decrease with the wear and tear caused by daily use. Do not charge your wet iphone; refer to the instruction manual for cleaning and drying instructions. Damage caused by liquids is not covered by the warranty. \r\n4. Portrait Light is available in beta. \r\n\r\n Related Note\r\n  Because this product is a special 3c product, this product is registered after the product is connected to the Internet (including wifi), login to the apple id or linked to itunes. And start to calculate the product warranty time, and after the registration, the warranty date of this product begins to calculate, can not be restored! In the future, when the return is required, the company confirms that if the product has been opened for warranty, additional fees may be required. Do not connect this item to the Internet until you are sure you want to return it, to avoid inadvertently starting the warranty period. If you claim the seven-day appreciation period, please restore the original product ( including packaging, accessories, etc.; once the product is registered, you may need to pay additional fees). You confirm that you have read the above instructions and agree to the order on this page to agree to the terms. Please forgive me for your inconvenience. ",
      "price": 31999
    },
    {
      "Id": "DYAJDR-19009JGT1",
      "cateId": "DYAJDT",
      "picB": "000001_1554948220.jpg",
      "name": "Apple iPhone Xs Max (256G) - Silver (MT542TA/A)",
      "describe": "Silver  send glass protector Apple iPhone Xs Max (256G)  market price $ 45500. Special offer 4 $41999\r\n Buy now the province $3501\r\n limited special kill ~ any return price ~! ! \r\n\r\n 6.5  super retina display (oled) with hdr\r\n ip68 level dustproof and anti-splash water resistance (up to 30 minutes in the deepest 2 meters water)\r 12 megapixel dual lens camera (with optical image stabilization dual lens) and 7 megapixel original deep sensing front camera with portrait mode, portrait light, depth of field control and smart hdr function\r\nface Id, for security authentication and apple pay\r\n a12 bionic, with a new generation of neural network engine\r\n wireless charging (can be used with qi charger)\r\n ios 12, with memoji, screen Use time, siri shortcuts and group facetime functions\r\n\r\n================================= I bought iphone xs max accessories\r\n iphone xs max shell\r\n iphone xs max stickers\r\n=============== ===========\r\n\r\n\r\nLegal Notices\r\n1. The display is rounded and the diagonal of the iphone xs max screen is measured in rectangular dimensions. The length is 6.46 . The actual viewable area may be small. \r\n2. iphone xs max is water- and water-repellent and has been tested in controlled laboratory environment to achieve ibp 60529 ip68 rating (up to 30 minutes in the deepest 2 meters of water) ). The anti-splash and water-repellent functions are non-permanent and may decrease with the wear and tear caused by daily use. Do not charge your wet iphone; refer to the instruction manual for cleaning and drying instructions. Damage caused by liquids is not covered by the warranty. \r\n3. Apple pay is not available in all markets. \r\n See www.apple.com tw ios feature-availability #apple-pay \r\n See a list of countries or regions where apple pay is available. \r\n4. qi Wireless charger sold separately. \r\n5. The group facetime feature will be available in iOS 12 via software update later this year. \r\n\r\n\r\n Related Note \r\n  Because this product is a special 3c product, after the product is connected to the Internet (including wifi), login to the apple id or link to itunes, this The item is registered and begins to calculate the product warranty time, and the warranty date of the item is calculated after registration and cannot be restored! In the future, when the return is required, the company confirms that if the product has been opened for warranty, additional fees may be required. Do not connect this item to the Internet until you are sure you want to return it, to avoid inadvertently starting the warranty period. If you claim the seven-day appreciation period, please restore the original product ( including packaging, accessories, etc.; once the product is registered, you may need to pay additional fees). You confirm that you have read the above instructions and agree to the order on this page to agree to the terms. Please forgive me for your inconvenience. ",
      "price": 41999
    },
    {
      "Id": "DYAJ21-A9009PPL9",
      "cateId": "DYAJ21",
      "picB": "000001_1547024213.jpg",
      "name": "Apple iPhone 6s (32G) 2018 Edition",
      "describe": "Gold l rose gold  send shell + security stickers Apple iPhone 6S 4.7  32G 2018 version   64 bit architecture a9 chip   embedded m9 motion sensing coprocessor \r \n  4.7  3d touch retinahd monitor   ios10 operating system    new 12 million pixel camera f 2.2 aperture    built-in fingerprint identity sensor  above information content There are errors, mainly based on official information! \r\n\r\n<Notes>\r\napple products are special. After connecting to the online login account or connecting to the system software, they are registered and start to calculate the product warranty time, which cannot be restored. \r\n When returning the goods in the future, if the goods have been opened for warranty, additional fees may apply. \r\nPlease take a video when receiving the product to protect your rights, and do not rush to unpack, first confirm that the model color is correct. \r\n Do not connect this item to the Internet if you have any concerns about the product, and avoid inadvertently starting the warranty time. \r\n If you advocate the 7-day appreciation period, please restore the original product ( including packaging, accessories, manuals, etc., and you can return the goods after you can re-sell the goods, otherwise you will charge 10% of the original price of the original product; Once the product is registered, additional fees will be charged.",
      "price": 9790
    },
    {
      "Id": "DYAJ9Y-A9008F4S4",
      "cateId": "DYAJ9Y",
      "picB": "000001_1554890673.jpg",
      "name": "Apple iPhone 8 (64G) - Gold",
      "describe": "Golden  limited time to spend $1501 Apple iPhone 8 (64G)  market price $ 21500. Special offer 1999 $19999\r\n now buy the current province $1501\r\n limited special kill ~ any return price ~! ! \r\n\r\n 4.7 retina hd monitor with true tone\r\n Full glass and aluminum metal body design\r\n Anti-splash water and dust proof function\r\n 12 million pixels Camera with optical image stabilization (ois)\r\n 4k film shooting (up to 60 fps)\r\n 7 megapixel facetime hd camera\r\n touch id for secure authentication and apple pay\n a11 bionic smart phone chip\r\n wireless charging (can be used with qi charger)\r\n\r\niphone8 Featured accessories:\r\niphone original protection Shell\r\n iphone 8 Protector\r\n\r\nLegal Notice\r\n 1. Charging board sold separately. \r\n2. Both the iphone 8 and the iphone 8 plus are flood- and water-repellent and have been tested under controlled laboratory conditions to achieve the i ip67 rating. The anti-splash and water-repellent functions are non-permanent and may decrease with the wear and tear caused by daily use. \r\nDo not charge your wet iphone; refer to the instruction manual for cleaning and drying instructions. Damage caused by liquids is not covered by the warranty. \r\n3. The display size is the diagonal length. \r\n4.facetime Both parties need to use the facetime function device\r\n to connect with wi-fi. The application of the mobile network depends on the carrier's solution; data services may be subject to payment. \r\n\r\n\r\nRelated note\r\n  Because this product is a special 3c product, after the product is connected to the Internet (including wifi), login to the apple id or link to itunes, this The product is registered and begins to calculate the warranty period\r\n, and the warranty date of the product is calculated after registration, and cannot be restored! In the future, when the return is required, the company confirms that if the product has been opened for warranty, additional fees may be required. Do not connect this item to the Internet until you are sure you want to return it, to avoid inadvertently starting the warranty period. If you claim the seven-day appreciation period, please restore the original product ( including packaging, accessories, etc.; once the product is registered, you may need to pay additional fees). You confirm that you have read the above instructions and agree to the order on this page to agree to the terms. Please forgive me for your inconvenience. ",
      "price": 19999
    },
    {
      "Id": "DYAJDN-A9009N878",
      "cateId": "DYAJDN",
      "picB": "000001_1555379070.jpg",
      "name": "Apple iPhone XR (64G)-White (MRY52TA/A)",
      "describe": "White  send wireless charging board Apple iPhone XR (64G) - white  only one day  limited time mad \r\n start: 04/16 (Tuesday) 10:00 \r\n end: 04 /17 (Wednesday) 10:00\r\n market price $26900. Limited time price 25$25288\r\n\r\n 6.1 liquid retina display (lcd)\r\n ip67 grade anti-splash water and dustproof function (up to 30 minutes in the deepest 1 meter water)\n 12 megapixel camera (with optical image stabilization) and 7 megapixel original deep sensing front camera with portrait mode, portrait light, depth of field control and smart hdr function\r\n face id For security certification and apple pay \r\n a12 bionic, with a new generation of neural network engine\r\n wireless charging (can be used with qi charger)\r\n ios 12, with memoji, screen use Time, siri shortcut and group facetime function\r\n\r\n curator Xiaoyan: the most cost-effective purchase of stored value ~\r\n4 month stored value promotion, please click me\r\n\r\n ============================================================================================================ r\n iphone xr security\r\n============================================================ \r\n1. The display has a rounded corner design. When measuring in a rectangular shape, the diagonal length of the iphone xr screen is 6.06 . The actual viewable area may be small. \r\n2.iphone xr is water and dust proof and has been tested in controlled laboratory environment to achieve ipk 60529 ip67 rating (up to 30 minutes in the deepest 1 meter water) . The anti-splash and water-repellent functions are non-permanent and may decrease with the wear and tear caused by daily use. Do not charge your wet iPhone; refer to the instruction manual for cleaning and drying instructions. Damage caused by liquids is not covered by the warranty. \r\n3.apple pay is not available in all markets. See www.apple.com tw ios feature-availability #apple-pay\r\n See a list of countries or regions where apple pay is available. \r\n4.qi Wireless charger sold separately. \r\n5. The group facetime feature will be available on iOS 12 via software update later this year. \r\n\r\nRelated Note\r\n  Because this product is a special 3c product, the product is registered and started after the product is connected to the Internet (including wifi), login to the apple id or linked to itunes. Calculate the warranty period of the product, and the warranty date of the product will be calculated after registration, and cannot be restored! In the future, when the return is required, the company confirms that if the product has been opened for warranty, additional fees may be required. Do not connect this item to the Internet until you are sure you want to return it, to avoid inadvertently starting the warranty period. If you claim the seven-day appreciation period, please restore the original product ( including packaging, accessories, etc.; once the product is registered, you may need to pay additional fees). You confirm that you have read the above instructions and agree to the order on this page to agree to the terms. Please forgive me for your inconvenience. ",
      "price": 25288
    },
    {
      "Id": "DGCD1E-A90084KAA",
      "cateId": "DGCD1E",
      "picB": "000001_1555399157.jpg",
      "name": "SanDisk iXpand Mini Drive 64GB (Company) iPhone / iPad Applicable",
      "describe": "SanDisk iXpand Mini flash drive 64GB (company) iPhone / iPad for  designed for ios devices\r\nEasily and quickly release iphone, ipad storage space\r\nusb 3.0 High speed transmission\r \nixpand mobile app, easy to manage photos and videos\r\ncompany goods, the first choice is guaranteed\r\n\r\n\r\n There are other capacities available here:\r 32gb 128gb \r\n\r\n\r\n curator Xiao Yan: the most cost-effective purchase of stored value ~\r\n4 month stored value promotion activities, please click me\r\n \r\n4 Bank discounts are required to log in\r\nBank credit card activities Please click on the picture to learn more",
      "price": 999
    },
    {
      "Id": "DYAJDO-A9009H4RQ",
      "cateId": "DYAJDO",
      "picB": "000001_1551924378.jpg",
      "name": "Apple iPhone XR (128G)-White (MRYD2TA/A)",
      "describe": "White  kill and send transmission line Apple iPhone XR (128G) - white  market price $ 28900. Special offer 27 $27288\r\n now buy the current province $1612\r\n limited special kill ~ any return price ~! ! \r\n\r\n 6.1 liquid retina display (lcd)\r\n ip67 Level anti-splash water and dust resistance (up to 30 minutes in the deepest 1 meter water)\r\n 1200 Megapixel camera (with optical image stabilization) and 7 megapixel original deep sensing front camera with portrait mode, portrait light, depth of field control and smart hdr function\r\n face id for safety certification With apple pay \r\n a12 bionic, with a new generation of neural network engine\r\n wireless charging (can be used with qi charger)\r\n ios 12, with memoji, screen usage time, siri shortcut and Group facetime function\r\n\r\n========================================================================= \r\niphone xr shell\r\niphone xr stickers\r\n========================= ==\r\n\r\nLegal Notice\r\n1. The display has a rounded corner design. When measuring in rectangular shape, the diagonal length of the iphone xr screen is 6.06 . The actual viewable area may be small. \r\n2.iphone xr is water and dust proof and has been tested in controlled laboratory environment to achieve ipk 60529 ip67 rating (up to 30 minutes in the deepest 1 meter water) . The anti-splash and water-repellent functions are non-permanent and may decrease with the wear and tear caused by daily use. Do not charge your wet iPhone; refer to the instruction manual for cleaning and drying instructions. Damage caused by liquids is not covered by the warranty. \r\n3.apple pay is not available in all markets. See www.apple.com tw ios feature-availability #apple-pay\r\n See a list of countries or regions where apple pay is available. \r\n4.qi Wireless charger sold separately. \r\n5. The group facetime feature will be available on iOS 12 via software update later this year. \r\n\r\nRelated Note\r\n  Because this product is a special 3c product, the product is registered and started after the product is connected to the Internet (including wifi), login to the apple id or linked to itunes. Calculate the warranty period of the product, and the warranty date of the product will be calculated after registration, and cannot be restored! In the future, when the return is required, the company confirms that if the product has been opened for warranty, additional fees may be required. Do not connect this item to the Internet until you are sure you want to return it, to avoid inadvertently starting the warranty period. If you claim the seven-day appreciation period, please restore the original product ( including packaging, accessories, etc.; once the product is registered, you may need to pay additional fees). You confirm that you have read the above instructions and agree to the order on this page to agree to the terms. Please forgive me for your inconvenience. ",
      "price": 27288
    },
    {
      "Id": "DYAJDO-19009LXPW",
      "cateId": "DYAJDO",
      "picB": "000001_1554688741.jpg",
      "name": "Apple iPhone XR (128G)-Red (MRYE2TA/A)",
      "describe": "Red  kill and send transmission line Apple iPhone XR (128G) - red  market price $ 28900. Special offer 27 $27288\r\n now buy the current province $1612\r\n limited special kill ~ any return price ~! ! \r\n\r\n 6.1 liquid retina display (lcd)\r\n ip67 Level anti-splash water and dust resistance (up to 30 minutes in the deepest 1 meter water)\r\n 1200 Megapixel camera (with optical image stabilization) and 7 megapixel original deep sensing front camera with portrait mode, portrait light, depth of field control and smart hdr function\r\n face id for safety certification With apple pay \r\n a12 bionic, with a new generation of neural network engine\r\n wireless charging (can be used with qi charger)\r\n ios 12, with memoji, screen usage time, siri shortcut and Group facetime function\r\n\r\n========================================================================= \r\niphone xr shell\r\niphone xr stickers\r\n========================= ==\r\n\r\nLegal Notice\r\n1. The display has a rounded corner design. When measuring in rectangular shape, the diagonal length of the iphone xr screen is 6.06 . The actual viewable area may be small. \r\n2.iphone xr is water and dust proof and has been tested in controlled laboratory environment to achieve ipk 60529 ip67 rating (up to 30 minutes in the deepest 1 meter water) . The anti-splash and water-repellent functions are non-permanent and may decrease with the wear and tear caused by daily use. Do not charge your wet iPhone; refer to the instruction manual for cleaning and drying instructions. Damage caused by liquids is not covered by the warranty. \r\n3.apple pay is not available in all markets. See www.apple.com tw ios feature-availability #apple-pay\r\n See a list of countries or regions where apple pay is available. \r\n4.qi Wireless charger sold separately. \r\n5. The group facetime feature will be available on iOS 12 via software update later this year. \r\n\r\nRelated Note\r\n  Because this product is a special 3c product, the product is registered and started after the product is connected to the Internet (including wifi), login to the apple id or linked to itunes. Calculate the warranty period of the product, and the warranty date of the product will be calculated after registration, and cannot be restored! In the future, when the return is required, the company confirms that if the product has been opened for warranty, additional fees may be required. Do not connect this item to the Internet until you are sure you want to return it, to avoid inadvertently starting the warranty period. If you claim the seven-day appreciation period, please restore the original product ( including packaging, accessories, etc.; once the product is registered, you may need to pay additional fees). You confirm that you have read the above instructions and agree to the order on this page to agree to the terms. Please forgive me for your inconvenience. ",
      "price": 27288
    },
    {
      "Id": "DYAP00-A9008NDAW",
      "cateId": "DYAP00",
      "picB": "000001_1536049459.jpg",
      "name": "Apple Lightning 8pin 200cm 2M Apple USB Cable / Charging Cable iPhone X / 8 / 7 / 6s Plus",
      "describe": "Apple transmission line / charging line Apple Lightning 8Pin iPhone X / 8 / 7 new transmission line 200cm iosapple transmission line new version 200cm iphone x warranty one year\r\n  support the latest system ios11\r\n  support each iphonex iphone8 Plus iphone8 iphone7 6s 5se ipad and so on Apple host\r\n  length 2m (200cm), wire diameter 3mm\r\n  after testing three yards in one \r\n  simple packaging \r\n see other Apple accessories:\r\napple transmission line 100cm\r\napple transmission line 200cm\r\napple adapter\r\napple transmission line+charger\r\napple 3.5mm headset\rapple lightning earphone\r\nanycast TV stick\r\nRecommendedrival lifetime warranty transmission line:\r\nrival micro usb 20cm\r\nrival micro usb 100cm\r\nrival micro usb 200cm\r\nrival type-c usb 20cm\r\nrival type-c usb 100cm\r\nrival type-c usb 200cm",
      "price": 299
    },
    {
      "Id": "DYAJA0-A9008F4ZL",
      "cateId": "DYAJA0",
      "picB": "000001_1554691692.jpg",
      "name": "Apple iPhone 8 Plus (64G) - Gold",
      "describe": "Gold  send shell + security stickers Apple iPhone 8 Plus (64G)  5.5 retina hd display with true tone\r\n all glass and aluminum metal body design \r\n anti-splash Water and dust proof function\r\n 12 megapixel dual lens camera\r\n 4k movie shooting function (up to 60 fps)\r\n 7 megapixel facetime hd camera\r\n touch id, with For safety certification and apple pay\r\n a11 bionic smart phone chip\r\n wireless charging (can be used with qi charger)\r\n\r\nClick me to buy iphone8 plus Featured accessories:\r \n iphone original protective case\r\n iphone 8 plus protection sticker\r\n\r\nLegal statement\r\n 1. Charging board sold separately. \r\n2. Both the iphone 8 and the iphone 8 plus are flood- and water-repellent and have been tested under controlled laboratory conditions to achieve the i ip67 rating. The anti-splash and water-repellent functions are non-permanent and may decrease with the wear and tear caused by daily use. \r\nDo not charge your wet iphone; refer to the instruction manual for cleaning and drying instructions. Damage caused by liquids is not covered by the warranty. \r\n3. The display size is the diagonal length. \r\n4.facetime Both parties need to use the facetime function device\r\n to connect with wi-fi. The application of the mobile network depends on the carrier's solution; data services may be subject to payment. \r\n\r\nRelated Note\r\n Because this product is a special 3c product, this product is registered after the product is connected to the Internet (including wifi), login to apple id or link to itunes. And start to calculate the product warranty time, and after the registration, the warranty date of this product begins to calculate, can not be restored! In the future, when the return is required, the company confirms that if the product has been opened for warranty, additional fees may be required. Do not connect this item to the Internet until you are sure you want to return it, to avoid inadvertently starting the warranty period. If you claim the seven-day appreciation period, please restore the original product ( including packaging, accessories, etc.; once the product is registered, you may need to pay additional fees). You confirm that you have read the above instructions and agree to the order on this page to agree to the terms. Please forgive me for your inconvenience. ",
      "price": 24188
    },
    {
      "Id": "DYAJ2Y-A900929HK",
      "cateId": "DYAJ2Y",
      "picB": "000001_1555294039.jpg",
      "name": "Apple iPhone X (64G) - Space Gray",
      "describe": "Space Gray  Send Shell + Glass Sticker Apple iPhone X (64G) 5.8 super retina hd monitor with hdr and true tone\r\n Full glass and stainless steel body design\r\n  Anti-splash and water-proof function\r\n 12 million dual-lens camera with optical image stabilization\r\n Portrait mode, portrait light and 4k film shooting function (up to 60 fps)\r\n 700 Megapixel truedepth front camera\r\n face id for secure authentication and apple pay\r\n a11 bionic smart phone chip\r\n wireless charging (can be used with qi charger)\r\n \r\niphone original protection shell\r\niphone x multi-category stickers\r\n\r\n Legal statement\n 1.iphone x The display has a rounded corner design. When measuring in a rectangular manner, the diagonal length of the screen is 5.85 . The actual viewable area may be small. \r\n2. The charging board is sold separately. \r\n3.iphone x is water- and water-repellent and has been tested in laboratory environment with controlled tubes to an ip67 rating of the iec 60529 standard. The anti-splash and water-repellent functions are non-permanent and may decrease with the wear and tear caused by daily use. Do not charge your wet iphone; refer to the instruction manual for cleaning and drying instructions. Damage caused by liquids is not covered by the warranty. \r\n4. Portrait Light is available in beta. \r\n\r\n\r\n Related Note \r\n  Because this product is a special 3c product, after the product is connected to the Internet (including wifi), login to the apple id or link to itunes, this The item is registered and begins to calculate the product warranty time, and the warranty date of the item is calculated after registration and cannot be restored! In the future, when the return is required, the company confirms that if the product has been opened for warranty, additional fees may be required. Do not connect this item to the Internet until you are sure you want to return it, to avoid inadvertently starting the warranty period. If you claim the seven-day appreciation period, please restore the original product ( including packaging, accessories, etc.; once the product is registered, you may need to pay additional fees). You confirm that you have read the above instructions and agree to the order on this page to agree to the terms. Please forgive me for your inconvenience. ",
      "price": 30288
    }
  ]
}